MakeString - 1
    1) MySQL :
        mysql> select 0x6162, 0b110000101100010;
        /*
        +--------+-------------------+
        | 0x6162 | 0b110000101100010 |
        +--------+-------------------+
        | ab     | ab                |
        +--------+-------------------+
        1 row in set (0.00 sec)
        */

MakeString - 2
    1) MySQL :
        mysql> select char(0x61, 0x62);
        /*
        +------------------+
        | char(0x61, 0x62) |
        +------------------+
        | ab               |
        +------------------+
        1 row in set (0.00 sec)
        */
        
        mysql> select concat(char(0x61), char(0x62));
        /*
        +--------------------------------+
        | concat(char(0x61), char(0x62)) |
        +--------------------------------+
        | ab                             |
        +--------------------------------+
        */

    2) PostgreSQL :
        postgres=> select chr(65);
        /*
        chr
        -----
        A
        */
        
        postgres=> select concat(chr(65), chr(66));
        /*
        concat
        --------
        AB
        */

    3) MSSQL :
        > select char(0x61);
        /*
        -
        a
        */
        > select concat(char(0x61), char(0x62));
        /*
        --
        ab
        */

    4) SQLite :
        sqlite> select char(0x61);
        /*
        a
        */
        sqlite> select char(0x61)||char(0x62);
        /*
        ab
        */

MakeString - 3(gadget)
    1) MySQL :
        mysql> select mid(@@version,12,1);
        /*
        +---------------------+
        | mid(@@version,12,1) |
        +---------------------+
        | n                   |
        +---------------------+
        */

    2) PostgreSQL :
        postgres=> select substring(version(),23,1);
        /*
        substring
        -----------
        n
        */

    3) MSSQL :
        > select substring(@@version,134,1);
        /*
        -
        n
        */






























